{
  "project_info": {
    "project_number": "96799861967",
    "firebase_url": "https://darling-746ca.firebaseio.com",
    "project_id": "darling-746ca",
    "storage_bucket": "darling-746ca.appspot.com"
  },
  "client": [
    {
      "client_info": {
        "mobilesdk_app_id": "1:96799861967:android:081f3989cf1e78e0bc9bba",
        "android_client_info": {
          "package_name": "com.mangista.darling"
        }
      },
      "oauth_client": [
        {
          "client_id": "96799861967-qt8c4akrvdj19c3tfv795t7dfgpvfqpe.apps.googleusercontent.com",
          "client_type": 1,
          "android_info": {
            "package_name": "com.mangista.darling",
            "certificate_hash": "4f81997a348eb062e52760b575d0bf8a39f26818"
          }
        },
        {
          "client_id": "96799861967-s7rd62lt9prr4f39mhl0tfbrofb81vkn.apps.googleusercontent.com",
          "client_type": 1,
          "android_info": {
            "package_name": "com.mangista.darling",
            "certificate_hash": "2f757d5700bb17326337207d04b945b7c96e36a6"
          }
        },
        {
          "client_id": "96799861967-m881i1ocbslmptml2fpb4uj4tlge4i0j.apps.googleusercontent.com",
          "client_type": 1,
          "android_info": {
            "package_name": "com.mangista.darling",
            "certificate_hash": "2e1364b0df3060f18cf415b3cc81abd01f17395f"
          }
        },
        {
          "client_id": "96799861967-98r1g0vnlgbhc5p4kp8e4u1sf7d4do9u.apps.googleusercontent.com",
          "client_type": 1,
          "android_info": {
            "package_name": "com.mangista.darling",
            "certificate_hash": "24b8976f44b4bc3e3cc43c8e7374c8443949a46e"
          }
        },
        {
          "client_id": "96799861967-0v9vb4sdmopg3tiepem9c2svk976jcjp.apps.googleusercontent.com",
          "client_type": 1,
          "android_info": {
            "package_name": "com.mangista.darling",
            "certificate_hash": "2200235dd6335a4ba1d1fa4e6bc6a58a635987f9"
          }
        },
        {
          "client_id": "96799861967-2op7q2jkgeirepnnhdftfs2n7glrfhmr.apps.googleusercontent.com",
          "client_type": 3
        }
      ],
      "api_key": [
        {
          "current_key": "AIzaSyB-OukuACvaGZ2FpPNN8fe-aouE8mHp6OY"
        }
      ],
      "services": {
        "appinvite_service": {
          "other_platform_oauth_client": [
            {
              "client_id": "96799861967-cgf1ns16ep8se93vnf294d7itbb3l5i1.apps.googleusercontent.com",
              "client_type": 3
            }
          ]
        }
      }
    }
  ],
  "configuration_version": "1"
}